,Mkt-RF,SMB,HML,RMW,CMA,RF
20180102,0.85,0.3,-0.23,-0.49,0.21,0.005
20180103,0.59,-0.48,-0.2,-0.74,-0.07,0.005
20180104,0.42,-0.23,0.25,-0.02,0.3,0.005
20180105,0.66,-0.36,-0.26,0.39,-0.37,0.005
20180108,0.19,-0.21,0.05,-0.09,0.03,0.005
20180109,0.15,-0.36,-0.05,-0.11,-0.06,0.005
20180110,-0.07,0.14,0.59,-0.35,0.01,0.005
20180111,0.87,1.11,0.31,-0.22,0.47,0.005
20180112,0.66,-0.31,0.16,-0.1,0.15,0.005
20180116,-0.49,-1.0,-0.01,0.43,-0.33,0.005
20180117,0.95,-0.07,-0.12,-0.1,-0.03,0.005
20180118,-0.18,-0.44,-0.25,0.3,-0.29,0.005
20180119,0.57,0.94,-0.05,0.1,0.14,0.005
20180122,0.77,-0.34,-0.16,-0.54,0.19,0.005
20180123,0.22,0.07,-0.36,-0.39,-0.25,0.005
20180124,-0.13,-0.71,0.42,-0.01,0.14,0.005
20180125,0.07,0.13,-0.48,0.19,-0.17,0.005
20180126,1.11,-0.64,-0.55,0.28,-0.19,0.005
20180129,-0.62,0.0,-0.22,0.15,-0.27,0.005
20180130,-1.06,0.12,-0.21,0.4,-0.34,0.005
20180131,-0.07,-0.69,0.1,0.09,-0.09,0.005
20180201,0.03,0.14,0.55,-0.51,0.03,0.006
20180202,-2.13,0.01,-0.29,0.63,-0.44,0.006
20180205,-4.03,0.65,-0.56,0.17,-0.16,0.006
20180206,1.67,-0.47,-0.2,0.06,-0.19,0.006
20180207,-0.37,0.58,0.22,0.34,0.33,0.006
20180208,-3.68,0.83,0.5,0.42,0.09,0.006
20180209,1.36,-0.57,0.14,0.16,-0.47,0.006
20180212,1.36,-0.45,-0.28,-0.26,-0.19,0.006
20180213,0.31,0.1,-0.25,0.21,-0.03,0.006
20180214,1.52,0.29,0.48,-0.69,-0.07,0.006
20180215,1.21,-0.16,-0.65,0.21,-0.3,0.006
20180216,0.03,0.35,0.16,0.02,0.09,0.006
20180220,-0.62,-0.29,-0.23,-0.25,-0.52,0.006
20180221,-0.43,0.8,0.21,0.09,-0.28,0.006
20180222,0.01,-0.04,-0.41,0.12,0.45,0.006
20180223,1.54,-0.37,-0.12,-0.2,-0.1,0.006
20180226,1.12,-0.45,-0.06,-0.14,-0.23,0.006
20180227,-1.25,-0.2,0.03,-0.07,-0.05,0.006
20180228,-1.1,-0.42,-0.29,0.23,-0.27,0.006
20180301,-1.18,0.96,-0.01,-0.26,0.05,0.006
20180302,0.7,1.1,-0.48,-0.39,-0.39,0.006
20180305,1.06,-0.41,0.26,-0.59,0.09,0.006
20180306,0.36,0.68,0.09,0.26,-0.03,0.006
20180307,0.05,0.77,-0.42,-0.1,-0.43,0.006
20180308,0.37,-0.57,-0.35,0.02,-0.18,0.006
20180309,1.7,-0.2,0.28,-0.28,-0.04,0.006
20180312,-0.09,0.43,-0.07,-0.35,-0.22,0.006
20180313,-0.67,0.09,0.01,0.47,0.05,0.006
20180314,-0.53,0.16,-0.56,-0.1,-0.42,0.006
20180315,-0.18,-0.41,0.31,0.09,-0.15,0.006
20180316,0.25,0.47,0.19,0.05,0.32,0.006
20180319,-1.38,0.41,0.42,0.33,0.12,0.006
20180320,0.15,-0.11,-0.36,-0.05,-0.11,0.006
20180321,-0.06,0.7,0.44,-1.12,0.8,0.006
20180322,-2.54,0.4,-0.49,0.21,0.04,0.006
20180323,-2.09,0.11,-0.22,0.12,0.73,0.006
20180326,2.67,-0.64,0.01,-0.01,-0.6,0.006
20180327,-1.87,-0.23,0.36,0.79,0.55,0.006
20180328,-0.35,0.19,0.66,0.75,0.08,0.006
20180329,1.41,-0.29,-0.2,-0.37,-0.18,0.006
20180402,-2.29,-0.08,0.38,0.15,-0.1,0.007
20180403,1.24,-0.04,0.17,0.26,0.13,0.007
20180404,1.17,0.33,-0.31,0.08,-0.14,0.007
20180405,0.75,0.06,0.47,0.11,0.25,0.007
20180406,-2.19,0.39,-0.05,0.14,0.04,0.007
20180409,0.3,-0.25,-0.5,-0.75,-0.31,0.007
20180410,1.77,0.33,-0.13,-0.87,0.37,0.007
20180411,-0.49,0.8,-0.31,-0.63,0.27,0.007
20180412,0.84,-0.16,0.19,-0.24,0.0,0.007
20180413,-0.37,-0.1,-0.26,-0.09,0.15,0.007
20180416,0.82,0.14,-0.03,0.8,0.03,0.007
20180417,1.09,0.01,-1.18,-0.29,-0.46,0.007
20180418,0.13,0.24,0.04,-0.29,0.42,0.007
20180419,-0.49,-0.31,1.07,-0.48,0.1,0.007
20180420,-0.81,0.11,0.59,-0.58,0.28,0.007
20180423,-0.05,-0.06,0.21,0.32,0.08,0.007
20180424,-1.3,0.63,1.0,0.07,0.23,0.007
20180425,0.1,-0.27,0.04,0.4,0.18,0.007
20180426,0.96,-0.54,-0.87,-0.58,-0.48,0.007
20180427,0.01,-0.27,0.04,0.64,0.08,0.007
20180430,-0.8,-0.05,-0.09,-0.46,-0.03,0.007
20180501,0.24,0.25,-0.56,-0.03,-0.98,0.006
20180502,-0.63,1.26,-0.34,0.03,-0.03,0.006
20180503,-0.25,-0.58,-0.17,0.02,-0.1,0.006
20180504,1.3,-0.04,-0.18,-0.4,0.06,0.006
20180507,0.42,0.38,-0.35,-0.54,-0.32,0.006
20180508,0.07,0.5,0.26,-0.28,0.14,0.006
20180509,0.89,-0.24,0.26,-0.91,0.0,0.006
20180510,0.84,-0.38,-0.06,0.27,-0.34,0.006
20180511,0.19,0.11,-0.37,0.25,0.13,0.006
20180514,0.05,-0.29,0.11,-0.22,0.5,0.006
20180515,-0.55,0.71,0.41,-0.08,0.43,0.006
20180516,0.5,0.69,-0.25,0.36,0.1,0.006
20180517,0.02,0.87,0.29,-0.36,0.3,0.006
20180518,-0.23,0.47,-0.61,0.11,-0.2,0.006
20180521,0.72,-0.2,0.42,0.17,0.07,0.006
20180522,-0.42,-0.66,0.62,-0.31,-0.39,0.006
20180523,0.29,-0.07,-0.7,-0.01,-0.38,0.006
20180524,-0.16,0.33,-0.34,0.52,0.09,0.006
20180525,-0.21,0.22,-0.42,0.59,-0.53,0.006
20180529,-1.03,1.12,-0.99,0.17,-0.02,0.006
20180530,1.31,0.04,0.38,-0.74,0.21,0.006
20180531,-0.7,0.04,-0.41,-0.51,-0.16,0.006
20180601,1.06,-0.22,-0.11,-0.06,-0.17,0.006
20180604,0.48,0.14,-0.46,1.06,-0.3,0.006
20180605,0.16,0.79,-0.43,0.23,0.12,0.006
20180606,0.86,-0.28,0.19,-0.02,0.15,0.006
20180607,-0.14,-0.24,0.91,0.17,0.59,0.006
20180608,0.31,0.05,-0.41,0.27,-0.19,0.006
20180611,0.12,0.15,-0.17,0.22,0.24,0.006
20180612,0.23,0.2,-0.63,0.09,-0.17,0.006
20180613,-0.33,0.05,-0.18,-0.53,-0.16,0.006
20180614,0.27,0.2,-0.99,0.0,-0.6,0.006
20180615,-0.08,0.11,-0.24,0.68,-0.15,0.006
20180618,-0.09,0.75,0.08,-0.45,0.04,0.006
20180619,-0.38,0.52,-0.15,-0.24,-0.36,0.006
20180620,0.23,0.66,-0.49,-0.14,0.08,0.006
20180621,-0.73,-0.56,0.34,0.45,0.13,0.006
20180622,0.11,-0.05,0.46,-0.55,0.86,0.006
20180625,-1.48,-0.47,0.57,0.62,0.15,0.006
20180626,0.27,0.52,-0.24,-0.5,0.1,0.006
20180627,-1.02,-0.98,0.37,-0.08,0.53,0.006
20180628,0.58,-0.19,-0.5,-0.17,-0.56,0.006
20180629,0.07,-0.24,-0.24,-0.24,0.02,0.006
20180702,0.36,0.42,-0.23,-0.07,-0.56,0.008
20180703,-0.44,0.76,0.0,-0.31,0.46,0.008
20180705,0.87,0.39,-0.44,0.35,-0.17,0.008
20180706,0.88,-0.02,-0.31,-0.25,-0.12,0.008
20180709,0.93,-0.29,0.84,0.01,-0.19,0.008
20180710,0.21,-0.83,-0.15,0.1,0.27,0.008
20180711,-0.69,-0.06,-0.45,-0.1,-0.32,0.008
20180712,0.86,-0.41,-1.09,-0.04,-0.49,0.008
20180713,0.08,-0.17,-0.27,0.34,0.19,0.008
20180716,-0.16,-0.63,0.96,-0.21,-0.16,0.008
20180717,0.48,0.16,-0.75,0.14,-0.23,0.008
20180718,0.27,-0.15,0.65,-0.17,-0.14,0.008
20180719,-0.34,0.93,-0.36,0.23,0.05,0.008
20180720,-0.1,-0.16,0.12,0.09,-0.24,0.008
20180723,0.15,-0.19,0.53,-0.2,-0.19,0.008
20180724,0.22,-1.32,0.41,0.46,0.11,0.008
20180725,0.83,-0.59,-1.04,0.06,-0.31,0.008
20180726,-0.2,0.76,0.56,-0.02,0.61,0.008
20180727,-0.82,-1.2,1.08,0.48,0.51,0.008
20180730,-0.7,-0.01,1.58,0.27,1.02,0.008
20180731,0.51,0.71,-1.11,0.33,0.27,0.008
20180801,-0.13,0.0,-0.2,-0.17,-0.74,0.007
20180802,0.67,0.2,-0.69,0.01,-0.56,0.007
20180803,0.31,-0.93,0.53,0.61,0.37,0.007
20180806,0.46,0.22,-0.33,-0.29,-0.22,0.007
20180807,0.29,-0.04,-0.16,-0.3,-0.11,0.007
20180808,-0.04,-0.13,0.28,-0.06,-0.06,0.007
20180809,-0.05,0.35,-0.37,0.06,-0.26,0.007
20180810,-0.6,0.33,-0.2,-0.27,0.25,0.007
20180813,-0.46,-0.22,-0.29,0.3,-0.01,0.007
20180814,0.69,0.31,0.24,0.36,0.19,0.007
20180815,-0.91,-0.52,-0.13,0.64,-0.11,0.007
20180816,0.86,-0.04,0.25,-0.08,0.4,0.007
20180817,0.3,0.12,0.02,0.21,0.16,0.007
20180820,0.25,0.15,0.14,0.1,0.15,0.007
20180821,0.33,0.91,0.1,-0.21,-0.22,0.007
20180822,0.05,0.29,-0.35,-0.5,-0.29,0.007
20180823,-0.19,-0.1,-0.33,-0.01,-0.17,0.007
20180824,0.62,-0.09,-0.58,-0.31,-0.19,0.007
20180827,0.74,-0.61,-0.16,-0.2,-0.35,0.007
20180828,-0.01,-0.12,-0.24,0.12,-0.05,0.007
20180829,0.56,-0.14,-0.57,-0.14,-0.29,0.007
20180830,-0.41,0.23,-0.41,-0.23,-0.12,0.007
20180831,0.08,0.45,-0.39,0.2,-0.14,0.007
20180904,-0.11,-0.33,-0.01,-0.03,-0.16,0.008
20180905,-0.41,-0.03,0.66,0.45,0.57,0.008
20180906,-0.44,-0.36,-0.23,0.43,0.33,0.008
20180907,-0.18,0.08,-0.24,0.02,0.02,0.008
20180910,0.23,0.07,-0.37,0.06,-0.25,0.008
20180911,0.37,-0.33,-0.22,-0.13,-0.38,0.008
20180912,0.03,-0.11,-0.21,0.03,0.54,0.008
20180913,0.45,-0.49,-0.41,0.06,-0.03,0.008
20180914,0.12,0.31,0.25,-0.14,-0.03,0.008
20180917,-0.71,-0.35,0.85,0.3,0.74,0.008
20180918,0.57,0.03,-0.49,-0.21,-0.23,0.008
20180919,0.06,-0.51,1.29,-0.48,-0.03,0.008
20180920,0.77,0.29,-0.23,0.06,-0.07,0.008
20180921,-0.13,-0.43,0.31,0.2,0.66,0.008
20180924,-0.31,-0.07,-0.88,-0.45,-0.29,0.008
20180925,-0.05,0.2,-0.39,-0.33,-0.07,0.008
20180926,-0.4,-0.47,-0.61,0.52,0.1,0.008
20180927,0.27,-0.34,-0.53,0.1,-0.34,0.008
20180928,-0.03,0.35,-0.2,0.12,0.19,0.008
20181001,0.16,-1.62,0.36,-0.16,0.06,0.008
20181002,-0.21,-0.94,0.61,0.11,0.36,0.008
20181003,0.2,0.9,0.49,-0.37,-0.21,0.008
20181004,-0.93,-0.82,1.58,0.11,0.76,0.008
20181005,-0.64,-0.39,0.4,-0.39,0.41,0.008
20181008,-0.17,-0.23,1.21,0.5,0.63,0.008
20181009,-0.18,-0.4,0.27,-0.49,0.2,0.008
20181010,-3.33,0.4,1.1,0.21,0.78,0.008
20181011,-1.96,0.36,-0.92,0.43,-0.57,0.008
20181012,1.38,-1.11,-1.71,0.08,-0.48,0.008
20181015,-0.48,0.98,0.53,0.36,0.5,0.008
20181016,2.24,0.56,-1.45,-0.18,-0.68,0.008
20181017,-0.08,-0.61,0.26,-0.25,0.14,0.008
20181018,-1.54,-0.54,0.44,-0.41,0.35,0.008
20181019,-0.25,-1.24,0.73,0.39,0.55,0.008
20181022,-0.38,0.34,-1.23,1.1,-0.19,0.008
20181023,-0.62,-0.19,-0.43,0.2,-0.11,0.008
20181024,-3.33,-0.81,0.78,0.32,1.25,0.008
20181025,1.93,0.29,-0.6,-0.16,-1.08,0.008
20181026,-1.65,0.57,0.36,-0.37,0.52,0.008
20181029,-0.77,-0.09,1.62,-0.03,0.98,0.008
20181030,1.66,0.45,0.05,0.36,0.37,0.008
20181031,1.22,-0.73,-0.75,-0.32,-0.94,0.008
20181101,1.29,1.2,-1.13,-0.22,-0.51,0.008
20181102,-0.53,0.86,0.67,-0.44,0.23,0.008
20181105,0.4,-0.88,1.56,-0.51,0.77,0.008
20181106,0.58,-0.15,0.01,0.27,0.18,0.008
20181107,2.11,-0.52,-1.03,-0.4,-0.8,0.008
20181108,-0.28,-0.14,0.25,0.4,0.3,0.008
20181109,-1.04,-0.83,0.42,0.61,0.72,0.008
20181112,-2.06,0.09,0.86,0.52,0.89,0.008
20181113,-0.13,-0.08,0.15,0.22,-0.31,0.008
20181114,-0.77,0.03,-0.26,0.57,0.13,0.008
20181115,1.18,0.3,-0.42,-0.83,-0.69,0.008
20181116,0.15,-0.03,-0.06,-0.78,0.18,0.008
20181119,-1.88,-0.35,2.35,0.14,1.24,0.008
20181120,-1.85,0.01,-0.54,-0.31,-0.28,0.008
20181121,0.51,0.96,-0.33,-0.34,0.0,0.008
20181123,-0.55,0.75,-0.6,0.31,-0.05,0.008
20181126,1.62,-0.7,-0.2,-0.41,-0.74,0.008
20181127,0.11,-1.04,0.27,0.6,0.1,0.008
20181128,2.42,0.3,-1.17,0.13,-0.94,0.008
20181129,-0.22,-0.21,-0.1,-0.48,0.03,0.008
20181130,0.78,-0.37,-0.45,0.26,-0.24,0.008
20181203,1.13,-0.12,-0.79,-0.28,-0.58,0.01
20181204,-3.45,-1.03,-0.18,-0.14,0.91,0.01
20181206,-0.16,-0.06,-1.04,0.15,-0.3,0.01
20181207,-2.36,0.26,1.33,-0.52,0.61,0.01
20181210,0.1,-0.39,-1.65,0.32,-0.3,0.01
20181211,-0.08,-0.15,-0.39,0.17,-0.07,0.01
20181212,0.68,0.49,-0.2,-0.23,-0.12,0.01
20181213,-0.26,-1.54,-0.18,0.19,0.03,0.01
20181214,-1.89,0.08,0.51,-0.23,0.6,0.01
20181217,-2.13,-0.14,1.03,0.27,0.22,0.01
20181218,-0.03,-0.05,-0.58,0.94,-0.47,0.01
20181219,-1.58,-0.6,0.04,-0.38,0.42,0.01
20181220,-1.62,-0.13,0.97,0.61,-0.06,0.01
20181221,-2.17,-0.54,0.78,0.06,0.66,0.01
20181224,-2.55,0.91,-0.46,-0.36,-0.36,0.01
20181226,5.06,-0.18,-1.01,-0.19,-1.07,0.01
20181227,0.78,-0.7,-0.14,-0.13,0.1,0.01
20181228,-0.03,0.74,0.23,-0.35,-0.07,0.01
20181231,0.9,-0.13,-0.46,-0.09,-0.12,0.01
20190102,0.23,0.72,1.1,-0.12,0.26,0.01
20190103,-2.45,0.52,1.21,-0.25,0.91,0.01
20190104,3.55,0.37,-0.7,-0.08,-0.58,0.01
20190107,0.94,0.84,-0.77,-0.69,-0.41,0.01
20190108,1.01,0.45,-0.64,0.36,-0.09,0.01
20190109,0.56,0.5,0.09,0.1,-0.18,0.01
20190110,0.42,-0.01,-0.44,-0.06,-0.04,0.01
20190111,-0.01,0.21,0.22,0.24,0.25,0.01
20190114,-0.6,-0.46,0.95,0.22,0.0,0.01
20190115,1.06,-0.13,-0.87,-0.31,-0.57,0.01
20190116,0.28,0.25,0.92,-0.12,-0.24,0.01
20190117,0.75,0.08,-0.25,0.07,-0.01,0.01
20190118,1.29,-0.28,0.12,0.19,-0.25,0.01
20190122,-1.53,-0.36,0.33,0.23,0.33,0.01
20190123,0.15,-0.41,-0.15,0.36,0.28,0.01
20190124,0.23,0.47,-0.02,-0.11,-0.2,0.01
20190125,0.9,0.41,-0.34,-0.36,-0.56,0.01
20190128,-0.8,-0.08,0.64,0.25,0.18,0.01
20190129,-0.19,0.02,0.18,0.02,0.49,0.01
20190130,1.51,-0.32,-0.95,-0.18,-0.88,0.01
20190131,0.92,-0.04,-1.07,-0.35,-0.02,0.01
20190201,0.14,-0.17,0.4,-0.77,0.3,0.01
20190204,0.72,0.42,-0.47,0.19,-0.21,0.01
20190205,0.43,-0.12,-0.59,0.6,-0.34,0.01
20190206,-0.22,-0.03,0.07,-0.12,0.06,0.01
20190207,-0.93,-0.13,0.38,0.54,0.3,0.01
20190208,0.09,-0.08,-0.7,-0.34,-0.11,0.01
20190211,0.14,0.66,0.22,-0.09,-0.02,0.01
20190212,1.36,0.04,-0.19,-0.09,-0.24,0.01
20190213,0.28,0.07,0.06,0.1,0.2,0.01
20190214,-0.21,0.53,-0.57,0.4,-0.16,0.01
20190215,1.13,0.37,0.47,-0.22,0.02,0.01
20190219,0.19,0.31,0.29,0.04,0.22,0.01
20190220,0.19,0.3,0.55,0.0,-0.25,0.01
20190221,-0.37,-0.03,-0.21,0.58,0.1,0.01
20190222,0.65,0.39,-1.46,0.32,-0.62,0.01
20190225,0.15,-0.24,-0.18,-0.77,-0.51,0.01
20190226,-0.16,-0.68,-0.3,0.08,-0.15,0.01
20190227,0.09,0.16,-0.11,-0.66,-0.11,0.01
20190228,-0.31,-0.01,-0.24,0.3,0.14,0.01
20190301,0.72,0.25,-0.41,-0.33,-0.19,0.009
20190304,-0.52,-0.41,0.37,0.11,-0.08,0.009
20190305,-0.17,-0.32,-0.23,0.28,-0.03,0.009
20190306,-0.84,-1.23,0.07,0.54,0.12,0.009
20190307,-0.82,-0.05,-0.32,-0.35,0.14,0.009
20190308,-0.22,0.06,-0.17,-0.11,-0.29,0.009
20190311,1.49,0.27,-0.54,-0.28,-0.46,0.009
20190312,0.25,-0.3,-0.09,-0.42,0.01,0.009
20190313,0.68,-0.33,0.08,-0.18,0.16,0.009
20190314,-0.1,-0.38,0.3,-0.15,-0.12,0.009
20190315,0.48,-0.26,-0.27,-0.05,-0.21,0.009
20190318,0.46,0.2,0.43,-0.09,-0.09,0.009
20190319,-0.09,-0.47,-0.92,0.03,-0.08,0.009
20190320,-0.39,-0.22,-1.02,-0.16,-0.27,0.009
20190321,1.11,0.17,-1.24,0.34,-0.34,0.009
20190322,-2.17,-1.56,-0.06,0.55,0.58,0.009
20190325,-0.05,0.61,-0.27,0.22,0.04,0.009
20190326,0.76,0.23,0.45,0.04,0.19,0.009
20190327,-0.5,0.16,0.49,0.75,0.1,0.009
20190328,0.4,0.35,0.02,-0.14,-0.08,0.009
20190329,0.66,-0.27,-0.92,0.22,-0.16,0.009
20190401,1.19,-0.21,0.97,-0.1,-0.29,0.01
20190402,-0.05,-0.18,-0.44,-0.39,-0.49,0.01
20190403,0.27,0.22,-0.39,0.13,-0.4,0.01
20190404,0.19,0.36,0.93,0.62,0.27,0.01
20190405,0.52,0.49,-0.08,-0.29,0.11,0.01
20190408,0.08,-0.31,0.1,0.27,-0.03,0.01
20190409,-0.65,-0.61,-0.13,0.13,-0.03,0.01
20190410,0.48,0.93,-0.11,0.09,-0.13,0.01
20190411,0.0,-0.27,0.39,0.05,0.13,0.01
20190412,0.65,-0.36,0.64,0.5,-0.23,0.01
20190415,-0.09,-0.26,-0.54,0.36,0.08,0.01
20190416,0.13,0.23,0.69,-0.13,-0.14,0.01
20190417,-0.32,-0.54,0.8,1.1,-0.26,0.01
20190418,0.11,-0.27,-0.49,0.18,-0.19,0.01
20190422,0.11,-0.48,-0.54,-0.53,-0.18,0.01
20190423,0.97,0.65,-0.51,-0.09,-0.44,0.01
20190424,-0.23,0.32,-0.09,0.65,0.06,0.01
20190425,-0.14,-0.8,-0.19,-0.64,-0.31,0.01
20190426,0.53,0.5,0.02,-0.01,-0.19,0.01
20190429,0.18,0.17,0.64,-0.39,-0.17,0.01
20190430,-0.04,-0.67,0.27,0.09,0.7,0.01
20190501,-0.83,-0.08,-0.02,0.36,-0.03,0.009
20190502,-0.16,0.47,-0.29,0.06,0.06,0.009
20190503,1.13,0.93,-0.27,-0.01,-0.36,0.009
20190506,-0.39,0.59,-0.4,0.02,0.05,0.009
20190507,-1.69,-0.27,0.51,0.0,0.31,0.009
20190508,-0.22,-0.2,-0.29,-0.03,0.17,0.009
20190509,-0.28,0.07,0.12,-0.38,0.01,0.009
20190510,0.35,-0.32,0.07,-0.12,0.26,0.009
20190513,-2.67,-0.66,0.3,0.21,0.82,0.009
20190514,0.93,0.34,-0.06,-0.54,-0.02,0.009
20190515,0.59,-0.09,-0.95,0.13,-0.27,0.009
20190516,0.91,-0.43,-0.3,-0.15,-0.23,0.009
20190517,-0.73,-0.76,0.3,0.06,0.31,0.009
20190520,-0.65,-0.08,0.74,0.06,0.44,0.009
20190521,0.9,0.42,-0.34,-0.15,-0.16,0.009
20190522,-0.4,-0.62,-0.6,-0.14,0.19,0.009
20190523,-1.37,-0.72,-0.26,0.33,0.23,0.009
20190524,0.23,0.51,0.3,-0.49,-0.03,0.009
20190528,-0.78,0.2,-0.62,-0.02,-0.27,0.009
20190529,-0.71,-0.22,0.42,-0.2,0.03,0.009
20190530,0.14,-0.38,-0.77,0.32,-0.05,0.009
20190531,-1.37,-0.22,-0.11,0.05,0.39,0.009
20190603,-0.4,0.58,1.67,0.26,1.45,0.009
20190604,2.33,0.47,-0.05,0.29,-0.47,0.009
20190605,0.7,-1.07,-0.96,0.09,-0.23,0.009
20190606,0.55,-1.08,0.02,0.02,-0.07,0.009
20190607,1.04,-0.15,-1.22,0.39,-0.65,0.009
20190610,0.53,-0.01,0.06,0.39,-0.36,0.009
20190611,-0.12,-0.21,0.55,0.44,0.19,0.009
20190612,-0.2,0.29,-0.99,0.08,0.09,0.009
20190613,0.52,0.69,-0.03,-0.12,-0.05,0.009
20190614,-0.27,-0.71,0.32,0.25,0.15,0.009
20190617,0.15,0.49,-1.14,-0.64,-0.44,0.009
20190618,1.04,0.18,0.32,-0.25,-0.19,0.009
20190619,0.32,0.03,-0.59,-0.18,0.14,0.009
20190620,0.89,-0.39,-0.21,-0.12,-0.09,0.009
20190621,-0.21,-0.46,-0.01,-0.1,0.03,0.009
20190624,-0.34,-0.9,0.08,0.61,-0.02,0.009
20190625,-0.98,0.42,0.71,-0.09,0.62,0.009
20190626,-0.06,-0.01,0.24,0.36,-0.39,0.009
20190627,0.6,1.43,-0.11,-0.31,-0.24,0.009
20190628,0.68,0.76,0.59,-0.46,0.12,0.009
20190701,0.75,-0.59,-0.16,-0.13,0.02,0.009
20190702,0.14,-0.97,-0.78,-0.03,0.04,0.009
20190703,0.78,-0.14,-0.31,-0.34,-0.06,0.009
20190705,-0.1,0.33,0.89,0.09,-0.06,0.009
20190708,-0.58,-0.43,0.05,0.04,-0.25,0.009
20190709,0.18,-0.25,-0.45,-0.66,-0.26,0.009
20190710,0.4,-0.27,-0.39,0.08,-0.04,0.009
20190711,0.19,-0.78,0.05,-0.24,-0.54,0.009
20190712,0.53,0.33,0.4,0.58,-0.07,0.009
20190715,-0.04,-0.51,-1.01,0.15,0.25,0.009
20190716,-0.32,0.39,0.13,0.49,-0.03,0.009
20190717,-0.64,-0.27,-0.65,-0.49,-0.23,0.009
20190718,0.35,-0.29,0.0,-0.32,0.39,0.009
20190719,-0.56,0.29,0.87,0.38,0.16,0.009
20190722,0.25,-0.55,-0.49,-0.2,0.0,0.009
20190723,0.65,-0.04,0.79,0.66,0.34,0.009
20190724,0.66,0.92,0.83,-0.09,-0.07,0.009
20190725,-0.63,-0.7,-0.19,0.2,0.13,0.009
20190726,0.82,0.33,-0.2,-0.62,-0.32,0.009
20190729,-0.32,-0.32,-0.44,0.34,0.41,0.009
20190730,-0.17,1.38,0.84,-0.26,0.08,0.009
20190731,-1.09,0.24,0.6,0.15,0.47,0.009
20190801,-1.04,-0.81,-1.86,-0.43,-0.21,0.007
20190802,-0.87,-0.26,0.06,0.13,0.21,0.007
20190805,-3.07,0.04,0.01,-0.12,0.27,0.007
20190806,1.29,-0.57,-0.55,-0.31,-0.23,0.007
20190807,0.07,-0.11,-0.9,0.19,-0.17,0.007
20190808,1.97,0.0,-0.33,0.21,-0.36,0.007
20190809,-0.78,-0.49,-0.25,-0.52,-0.06,0.007
20190812,-1.32,0.2,-0.28,0.09,0.22,0.007
20190813,1.47,-0.33,-0.54,0.34,-0.02,0.007
20190814,-2.95,0.02,-0.5,-0.38,0.0,0.007
20190815,0.16,-0.7,-0.53,-0.09,-0.48,0.007
20190816,1.55,0.66,0.61,0.18,-0.05,0.007
20190819,1.14,0.02,0.24,0.42,0.05,0.007
20190820,-0.75,0.18,-0.5,0.09,-0.23,0.007
20190821,0.85,-0.02,-0.34,-0.04,-0.05,0.007
20190822,-0.1,-0.37,0.49,0.18,0.27,0.007
20190823,-2.66,-0.61,-0.18,-0.66,-0.28,0.007
20190826,1.08,-0.03,-0.19,0.19,-0.13,0.007
20190827,-0.46,-1.0,-0.68,0.26,0.09,0.007
20190828,0.68,0.64,0.62,0.42,0.19,0.007
20190829,1.35,0.42,0.33,0.19,-0.12,0.007
20190830,0.03,-0.25,0.25,0.12,0.11,0.007
20190903,-0.87,-0.93,0.1,-0.18,0.46,0.009
20190904,1.08,-0.15,0.42,0.25,-0.04,0.009
20190905,1.42,0.54,0.69,0.45,-0.02,0.009
20190906,-0.02,-0.33,0.05,0.19,0.42,0.009
20190909,0.08,1.34,3.07,0.86,0.44,0.009
20190910,0.17,1.37,1.2,-0.06,0.6,0.009
20190911,0.88,1.37,-0.04,-0.2,0.33,0.009
20190912,0.22,-0.39,-0.17,-0.23,-0.12,0.009
20190913,-0.01,0.17,0.75,-0.06,-0.09,0.009
20190916,-0.23,0.91,0.5,-0.31,0.03,0.009
20190917,0.17,-0.8,-1.22,-0.2,-0.35,0.009
20190918,-0.05,-0.75,0.06,-0.11,0.1,0.009
20190919,-0.05,-0.48,-0.45,0.06,-0.12,0.009
20190920,-0.48,0.31,0.16,-0.56,0.03,0.009
20190923,-0.02,-0.12,0.51,0.25,0.31,0.009
20190924,-1.01,-0.76,0.02,0.19,0.5,0.009
20190925,0.69,0.41,0.53,0.46,0.05,0.009
20190926,-0.41,-0.98,0.12,0.33,0.34,0.009
20190927,-0.62,-0.18,0.88,0.23,0.6,0.009
20190930,0.5,-0.24,-0.48,0.64,0.0,0.009
20191001,-1.31,-0.66,-0.61,0.08,-0.17,0.007
20191002,-1.73,0.74,-0.35,-0.49,-0.24,0.007
20191003,0.8,-0.37,-0.91,-0.2,-0.22,0.007
20191004,1.39,-0.52,-0.09,0.01,0.06,0.007
20191007,-0.41,0.13,-0.02,-0.09,-0.31,0.007
20191008,-1.61,-0.16,-0.12,0.41,0.09,0.007
20191009,0.92,-0.56,-0.12,0.12,-0.15,0.007
20191010,0.59,-0.25,0.27,0.15,-0.08,0.007
20191011,1.23,0.6,0.19,0.44,0.22,0.007
20191014,-0.18,-0.34,-0.06,-0.21,-0.12,0.007
20191015,1.03,0.26,-0.23,-0.22,-0.71,0.007
20191016,-0.24,0.47,0.23,0.39,0.25,0.007
20191017,0.37,0.8,-0.28,0.13,-0.09,0.007
20191018,-0.49,-0.15,0.9,-0.04,0.41,0.007
20191021,0.71,0.32,0.33,0.02,0.03,0.007
20191022,-0.34,0.49,0.88,0.4,0.35,0.007
20191023,0.25,-0.11,0.25,-0.05,0.07,0.007
20191024,0.26,-0.51,-0.91,-0.12,-0.62,0.007
20191025,0.5,0.4,0.08,0.33,-0.01,0.007
20191028,0.62,0.27,-0.25,-0.04,0.0,0.007
20191029,-0.13,0.38,0.46,-0.06,0.11,0.007
20191030,0.27,-0.66,-1.17,-0.49,0.03,0.007
20191031,-0.38,-0.34,-0.31,-0.2,0.14,0.007
20191101,1.08,0.61,0.79,-0.22,0.11,0.006
20191104,0.4,0.34,1.39,0.62,0.11,0.006
20191105,-0.03,0.39,0.49,0.0,-0.01,0.006
20191106,-0.05,-0.79,0.18,-0.17,0.28,0.006
20191107,0.38,0.03,0.53,0.19,-0.11,0.006
20191108,0.31,0.02,-0.38,-0.12,0.06,0.006
20191111,-0.19,-0.09,-0.21,-0.08,-0.05,0.006
20191112,0.16,-0.18,-0.14,-0.17,-0.18,0.006
20191113,0.01,-0.41,-0.82,-0.27,-0.02,0.006
20191114,0.07,-0.16,-0.26,0.11,-0.36,0.006
20191115,0.74,-0.26,-0.35,0.0,0.03,0.006
20191118,0.02,-0.37,-0.51,-0.07,-0.32,0.006
20191119,0.02,0.36,-0.96,-0.85,-0.24,0.006
20191120,-0.33,-0.13,-0.45,-0.61,-0.32,0.006
20191121,-0.14,-0.29,0.12,0.09,-0.1,0.006
20191122,0.24,0.15,0.24,0.15,0.05,0.006
20191125,0.92,1.26,-0.4,0.13,0.04,0.006
20191126,0.19,-0.1,-0.89,0.23,-0.15,0.006
20191127,0.44,0.21,-0.05,0.0,-0.02,0.006
20191129,-0.42,-0.11,-0.33,-0.48,0.02,0.006
20191202,-0.87,-0.12,0.52,0.14,0.18,0.007
20191203,-0.66,0.41,-0.83,-0.51,-0.53,0.007
20191204,0.6,0.2,0.25,0.16,0.04,0.007
20191205,0.13,-0.16,0.48,0.27,0.36,0.007
20191206,0.91,0.38,0.4,0.35,0.25,0.007
20191209,-0.33,0.3,0.12,-0.13,-0.25,0.007
20191210,-0.08,0.28,-0.11,-0.2,0.08,0.007
20191211,0.28,-0.1,0.1,0.32,0.13,0.007
20191212,0.9,0.15,1.16,0.12,0.23,0.007
20191213,-0.03,-0.48,-0.54,-0.29,-0.21,0.007
20191216,0.74,0.0,-0.04,-0.37,0.15,0.007
20191217,0.1,0.49,0.68,0.12,-0.05,0.007
20191218,-0.05,0.27,0.1,0.26,-0.02,0.007
20191219,0.43,-0.13,-0.43,-0.23,-0.03,0.007
20191220,0.48,-0.27,-0.28,0.03,-0.06,0.007
20191223,0.1,0.16,-0.31,-0.12,0.31,0.007
20191224,0.01,0.36,-0.02,-0.28,0.03,0.007
20191226,0.48,-0.56,-0.02,0.22,-0.2,0.007
20191227,-0.1,-0.54,-0.07,0.25,0.15,0.007
20191230,-0.57,0.27,0.59,0.13,0.45,0.007
20191231,0.28,0.02,0.11,-0.11,0.2,0.007
20200102,0.86,-0.95,-0.36,0.2,-0.22,0.006
20200103,-0.67,0.28,0.02,-0.18,-0.15,0.006
20200106,0.36,-0.22,-0.56,-0.19,-0.32,0.006
20200107,-0.19,-0.04,-0.21,-0.11,-0.31,0.006
20200108,0.47,-0.17,-0.63,-0.17,-0.12,0.006
20200109,0.65,-0.71,-0.48,-0.14,0.06,0.006
20200110,-0.34,-0.25,-0.34,0.02,-0.08,0.006
20200113,0.73,-0.08,-0.12,0.33,0.28,0.006
20200114,-0.06,0.47,-0.14,-0.28,-0.07,0.006
20200115,0.16,0.25,-0.83,-0.08,-0.23,0.006
20200116,0.88,0.5,-0.11,0.03,-0.08,0.006
20200117,0.28,-0.62,-0.1,0.26,0.02,0.006
20200121,-0.32,-0.67,-0.6,-0.11,-0.33,0.006
20200122,0.08,-0.25,0.0,-0.26,0.0,0.006
20200123,0.08,-0.07,-0.14,0.26,-0.04,0.006
20200124,-0.97,-0.48,-0.32,0.17,-0.04,0.006
20200127,-1.56,0.26,-0.42,-0.58,0.05,0.006
20200128,1.02,-0.15,-0.43,0.15,-0.1,0.006
20200129,-0.1,-0.45,-0.96,0.25,0.19,0.006
20200130,0.34,-0.63,0.63,-0.38,-0.12,0.006
20200131,-1.74,-0.53,-0.34,-0.58,-0.69,0.006
20200203,0.84,0.36,-0.71,-0.74,-0.35,0.006
20200204,1.57,-0.12,-0.67,0.34,-0.15,0.006
20200205,0.97,0.74,1.48,1.01,0.65,0.006
20200206,0.27,-0.6,-0.86,-0.06,-0.36,0.006
20200207,-0.55,-0.82,0.0,-0.19,-0.52,0.006
20200210,0.73,-0.18,-0.9,-0.12,-0.41,0.006
20200211,0.28,0.34,1.07,0.3,0.23,0.006
20200212,0.66,0.16,-0.36,0.22,0.0,0.006
20200213,-0.09,0.13,-0.02,-0.15,-0.41,0.006
20200214,0.15,-0.57,-0.68,-0.25,-0.27,0.006
20200218,-0.19,-0.02,-0.68,-0.49,-0.67,0.006
20200219,0.6,0.23,-0.04,0.11,-0.33,0.006
20200220,-0.35,0.59,0.67,0.07,-0.15,0.006
20200221,-1.12,-0.02,0.02,-0.17,0.36,0.006
20200224,-3.39,0.15,-0.01,-0.36,0.23,0.006
20200225,-3.09,-0.34,-0.72,-0.62,0.02,0.006
20200226,-0.52,-0.78,-1.21,-0.51,-0.11,0.006
20200227,-4.22,0.7,0.12,-0.32,-0.09,0.006
20200228,-0.78,0.06,-0.78,0.3,-0.4,0.006
20200302,4.31,-1.95,-0.4,-0.55,0.55,0.006
20200303,-2.79,0.64,-0.62,-0.48,0.23,0.006
20200304,4.03,-1.2,-1.1,0.11,0.24,0.006
20200305,-3.38,-0.18,-1.37,-0.9,0.15,0.006
20200306,-1.78,-0.21,-1.42,0.76,0.37,0.006
20200309,-7.79,-1.4,-4.7,0.09,0.48,0.006
20200310,4.74,-2.37,0.78,0.46,0.06,0.006
20200311,-5.05,-1.05,-0.79,0.03,0.1,0.006
20200312,-9.63,-1.14,-1.21,-0.37,-0.26,0.006
20200313,8.96,-2.02,2.99,1.19,0.8,0.006
20200316,-12.0,-0.88,-0.77,0.59,1.19,0.006
20200317,5.87,0.36,-0.85,-0.48,-0.07,0.006
20200318,-5.56,-4.58,-4.71,0.27,0.21,0.006
20200319,1.31,5.73,0.99,-1.6,-1.57,0.006
20200320,-4.15,0.3,-0.9,-0.74,-1.2,0.006
20200323,-2.55,1.65,-3.5,0.36,-1.22,0.006
20200324,9.34,-0.17,2.35,0.38,0.22,0.006
20200325,1.18,-0.15,1.86,-0.16,0.13,0.006
20200326,6.02,-0.45,1.2,-0.54,0.04,0.006
20200327,-3.48,-1.05,-0.69,-1.08,0.82,0.006
20200330,3.16,-0.8,-2.16,-0.2,0.17,0.006
20200331,-1.44,1.51,-0.42,0.38,-0.14,0.006
20200401,-4.51,-2.03,-1.41,0.16,0.29,0.0
20200402,2.1,-0.93,-0.28,-0.08,0.95,0.0
20200403,-1.64,-1.37,-1.13,-0.21,0.4,0.0
20200406,7.06,1.13,0.27,1.23,-0.77,0.0
20200407,-0.11,0.14,2.16,0.85,-0.33,0.0
20200408,3.4,0.88,1.25,0.41,-0.21,0.0
20200409,1.59,2.44,3.19,-0.92,-0.09,0.0
20200413,-0.92,-1.38,-2.42,-0.57,-0.09,0.0
20200414,3.02,-0.7,-3.17,0.19,-0.36,0.0
20200415,-2.15,-1.94,-2.5,-0.38,-0.33,0.0
20200416,0.62,-0.85,-2.99,-0.35,-0.28,0.0
20200417,2.72,1.55,2.71,-0.17,0.02,0.0
20200420,-1.56,0.39,-0.93,-1.79,-0.56,0.0
20200421,-3.08,0.97,0.11,0.24,0.35,0.0
20200422,2.31,-0.88,-1.65,0.17,0.07,0.0
20200423,0.13,1.29,0.54,0.58,-0.34,0.0
20200424,1.44,0.29,-0.12,-0.17,0.17,0.0
20200427,1.73,2.19,2.68,-0.11,0.2,0.0
20200428,-0.45,1.66,2.82,1.41,0.73,0.0
20200429,2.92,2.26,2.0,1.24,-0.83,0.0
20200430,-1.18,-2.06,-1.64,0.69,-0.09,0.0
20200501,-2.91,-0.9,-1.0,-0.38,0.36,0.0
20200504,0.53,-0.16,-1.37,-0.79,-0.44,0.0
20200505,0.95,-0.26,-1.98,-0.55,-0.51,0.0
20200506,-0.52,0.12,-2.78,0.12,-0.64,0.0
20200507,1.33,0.16,0.39,-0.17,-0.69,0.0
20200508,1.9,1.92,2.48,0.89,0.39,0.0
20200511,0.07,-0.23,-3.75,-0.82,-0.06,0.0
20200512,-2.06,-1.15,-1.35,-0.68,-0.06,0.0
20200513,-1.89,-1.46,-2.12,-0.07,-0.26,0.0
20200514,1.14,-1.06,0.93,0.58,0.1,0.0
20200515,0.57,1.33,-1.19,-0.01,-0.8,0.0
20200518,3.24,2.63,4.58,1.7,0.36,0.0
20200519,-1.01,-0.8,-1.46,0.48,-0.68,0.0
20200520,1.8,1.21,1.29,-0.26,-0.33,0.0
20200521,-0.7,0.76,0.41,0.09,0.0,0.0
20200522,0.27,0.25,-0.87,-0.58,-0.38,0.0
20200526,1.23,1.22,4.59,1.08,0.62,0.0
20200527,1.54,1.42,3.62,0.77,0.4,0.0
20200528,-0.41,-2.01,-2.41,-0.17,0.08,0.0
20200529,0.6,-0.79,-1.97,-0.32,-0.46,0.0
20200601,0.52,0.26,0.45,-0.04,-0.24,0.0
20200602,0.81,0.1,0.45,0.12,0.23,0.0
20200603,1.42,0.74,2.66,0.77,0.24,0.0
20200604,-0.34,0.5,2.98,1.01,0.63,0.0
20200605,2.5,1.15,2.67,0.74,0.06,0.0
20200608,1.39,0.68,2.15,-0.45,0.58,0.0
20200609,-0.85,-0.86,-1.94,-0.08,-0.52,0.0
20200610,-0.56,-1.79,-4.16,-0.35,-0.35,0.0
20200611,-5.91,-1.5,-3.06,-0.3,-0.26,0.0
20200612,1.29,0.83,1.86,0.19,0.02,0.0
20200615,1.09,1.4,-0.41,-0.75,-0.27,0.0
20200616,1.86,0.64,0.48,0.7,0.22,0.0
20200617,-0.4,-1.35,-1.98,-0.54,-0.27,0.0
20200618,0.19,0.02,-0.56,-0.37,-0.24,0.0
20200619,-0.45,-0.15,-0.64,-0.78,-0.29,0.0
20200622,0.71,0.46,-1.44,-0.39,-0.4,0.0
20200623,0.42,0.19,-0.56,0.56,-0.11,0.0
20200624,-2.61,-0.74,-1.3,-0.09,0.35,0.0
20200625,1.12,0.35,0.49,-0.82,0.14,0.0
20200626,-2.44,-0.15,-1.42,0.01,0.7,0.0
20200629,1.51,1.46,1.77,1.49,0.38,0.0
20200630,1.58,-0.01,0.0,-0.39,-0.27,0.0
20200701,0.41,-1.68,-2.51,-0.43,-1.22,0.0
20200702,0.5,0.01,-0.09,0.38,0.18,0.0
20200706,1.65,-0.66,0.37,0.25,-0.01,0.0
20200707,-1.03,-0.97,-1.53,-1.03,-0.03,0.0
20200708,0.91,0.09,-0.46,-0.43,-0.33,0.0
20200709,-0.53,-1.54,-2.59,-0.31,-0.59,0.0
20200710,1.11,0.6,3.03,0.78,0.18,0.0
20200713,-1.2,-0.29,1.99,1.14,1.17,0.0
20200714,1.35,0.33,-0.34,-0.01,0.45,0.0
20200715,1.14,2.69,1.28,0.18,0.1,0.0
20200716,-0.37,-0.16,0.79,0.31,0.34,0.0
20200717,0.3,-0.15,-1.41,-1.06,0.01,0.0
20200720,1.01,-1.09,-2.38,-0.85,-1.31,0.0
20200721,0.16,1.45,3.23,0.55,0.91,0.0
20200722,0.49,-0.61,-0.34,0.5,0.02,0.0
20200723,-1.2,1.22,1.92,-0.16,0.19,0.0
20200724,-0.75,-0.78,0.46,0.29,0.06,0.0
20200727,0.88,0.31,-1.94,-0.25,0.07,0.0
20200728,-0.81,-0.44,0.97,0.28,0.12,0.0
20200729,1.35,0.65,0.87,0.23,0.15,0.0
20200730,-0.29,0.03,-1.83,-0.49,-0.17,0.0
20200731,0.61,-1.77,-0.65,0.75,0.72,0.0
20200803,0.98,1.07,-0.79,-0.29,0.3,0.0
20200804,0.37,0.43,0.05,0.14,0.06,0.0
20200805,0.78,1.2,0.85,0.12,-0.15,0.0
20200806,0.53,-0.6,-0.79,0.58,0.07,0.0
20200807,0.02,1.52,2.34,0.49,0.17,0.0
20200810,0.24,1.27,1.66,0.86,1.24,0.0
20200811,-0.83,0.18,1.57,0.89,0.07,0.0
20200812,1.4,-0.81,-1.3,0.95,-0.14,0.0
20200813,-0.01,-0.12,-1.3,-0.63,-0.55,0.0
20200814,-0.04,0.04,1.03,0.4,0.17,0.0
20200817,0.45,0.03,-1.94,-0.8,-0.51,0.0
20200818,0.22,-1.31,-1.39,0.04,-0.55,0.0
20200819,-0.38,0.48,0.08,-0.02,-0.11,0.0
20200820,0.31,-0.96,-1.52,0.04,-0.5,0.0
20200821,0.25,-1.2,-0.42,0.65,0.73,0.0
20200824,0.92,0.23,2.56,1.07,0.59,0.0
20200825,0.36,-0.02,-0.61,-0.44,-0.68,0.0
20200826,1.0,-1.66,-1.74,-0.08,-0.83,0.0
20200827,0.18,-0.03,0.98,0.55,-0.47,0.0
20200828,0.7,0.4,-0.22,0.16,-0.09,0.0
20200831,-0.04,-0.93,-1.75,-0.64,-0.15,0.0
20200901,0.92,0.24,-0.33,0.58,0.09,0.0
20200902,1.27,-0.28,-0.43,0.71,-0.36,0.0
20200903,-3.7,0.42,2.57,-0.1,-0.04,0.0
20200904,-0.87,0.33,2.09,0.8,0.93,0.0
20200908,-2.91,0.93,-0.18,-0.66,-0.54,0.0
20200909,2.07,-0.58,-1.96,-0.1,-0.23,0.0
20200910,-1.64,0.41,-0.05,-0.33,-0.33,0.0
20200911,-0.06,-0.62,0.91,0.26,0.48,0.0
20200914,1.59,0.97,-0.78,-0.81,-0.01,0.0
20200915,0.57,-0.66,-1.42,0.08,-0.4,0.0
20200916,-0.39,1.15,1.34,-0.95,0.23,0.0
20200917,-0.85,0.48,0.19,0.1,0.61,0.0
20200918,-0.88,0.75,-0.18,-1.11,-0.46,0.0
20200921,-1.08,-2.58,-1.91,-0.46,-0.32,0.0
20200922,1.02,-0.46,-1.65,0.6,-0.55,0.0
20200923,-2.48,-0.63,0.17,0.26,-0.12,0.0
20200924,0.25,-0.2,0.32,0.49,0.11,0.0
20200925,1.72,-0.16,-1.35,-0.5,-0.7,0.0
20200928,1.66,0.86,1.02,0.36,0.19,0.0
20200929,-0.42,0.42,-1.3,-0.78,-0.59,0.0
20200930,0.79,-0.63,0.18,0.37,0.15,0.0
20201001,0.79,0.81,-0.57,-0.03,-0.61,0.0
20201002,-0.96,1.68,2.44,0.55,0.35,0.0
20201005,1.93,0.87,-0.1,-0.45,0.1,0.0
20201006,-1.28,0.85,0.24,-0.53,-0.06,0.0
20201007,1.84,0.42,0.24,-0.29,0.1,0.0
20201008,0.8,0.26,1.0,0.19,0.26,0.0
20201009,0.93,-0.32,-1.42,-0.15,-0.32,0.0
20201012,1.53,-1.0,-0.14,0.74,0.33,0.0
20201013,-0.41,-0.17,-1.69,-0.84,-0.95,0.0
20201014,-0.65,0.02,0.06,0.35,0.68,0.0
20201015,-0.08,1.15,1.12,0.14,0.17,0.0
20201016,-0.06,-0.15,0.06,-0.05,-0.11,0.0
20201019,-1.53,0.37,0.28,-0.32,-0.25,0.0
20201020,0.34,-0.09,1.28,0.57,0.23,0.0
20201021,-0.36,-0.42,0.3,0.63,0.08,0.0
20201022,0.67,0.94,1.07,-0.51,-0.03,0.0
20201023,0.38,0.37,0.05,-0.2,-0.39,0.0
20201026,-1.85,-0.45,-0.39,-0.04,0.05,0.0
20201027,-0.23,-0.58,-2.36,-0.27,-0.73,0.0
20201028,-3.41,0.22,0.57,-0.49,0.01,0.0
20201029,1.13,0.14,0.22,0.23,0.57,0.0
20201030,-1.45,-0.24,1.85,0.25,0.0,0.0
20201102,1.17,0.8,0.98,0.4,0.36,0.0
20201103,1.93,0.94,-0.21,-0.2,0.0,0.0
20201104,2.25,-2.51,-4.89,-0.73,-1.81,0.0
20201105,2.13,1.04,0.49,0.24,0.46,0.0
20201106,0.01,-1.05,-0.95,-0.15,-0.1,0.0
20201109,0.82,2.68,6.7,0.49,0.9,0.0
20201110,-0.17,2.01,2.17,0.28,1.33,0.0
20201111,0.88,-1.06,-1.75,-0.57,-0.2,0.0
20201112,-0.94,-0.56,-1.18,-0.64,-0.24,0.0
20201113,1.31,0.89,1.13,0.54,0.42,0.0
20201116,1.22,1.21,1.91,0.64,0.85,0.0
20201117,-0.19,0.6,0.02,-0.43,-0.39,0.0
20201118,-0.93,-0.04,0.0,0.06,-0.41,0.0
20201119,0.59,0.3,-0.72,-0.62,-0.24,0.0
20201120,-0.51,0.62,-0.61,-0.71,-0.11,0.0
20201123,0.83,1.36,1.55,0.23,0.0,0.0
20201124,1.56,0.46,2.73,0.44,0.53,0.0
20201125,0.03,-0.26,-1.27,-0.37,-0.56,0.0
20201127,0.43,0.13,-1.64,-0.79,-0.37,0.0
20201130,-0.53,-1.52,-2.05,-0.4,0.46,0.0
20201201,0.98,-0.05,0.54,1.03,0.5,0.0
20201202,0.11,0.2,1.05,0.35,0.58,0.0
20201203,0.18,0.51,-0.05,-0.3,0.17,0.0
20201204,1.02,1.53,0.85,-0.36,0.57,0.0
20201207,0.03,-0.08,-1.01,-0.55,-0.48,0.0
20201208,0.47,0.84,-0.75,-0.7,-0.04,0.0
20201209,-1.03,0.31,1.34,0.85,0.39,0.0
20201210,0.24,0.91,-0.47,-1.49,-0.27,0.0
20201211,-0.2,-0.57,-0.72,-0.61,-0.56,0.0
20201214,-0.28,0.23,-1.54,-0.41,-0.85,0.0
20201215,1.28,1.12,0.4,0.43,0.57,0.0
20201216,0.17,-0.57,-0.37,0.0,-0.21,0.0
20201217,0.79,0.51,-0.67,-0.62,-0.18,0.0
20201218,-0.12,-0.16,-1.15,-0.42,-0.71,0.0
20201221,-0.23,0.24,-0.03,-0.96,0.28,0.0
20201222,0.06,0.87,-1.62,-0.86,-0.14,0.0
20201223,0.1,0.83,2.0,0.27,0.43,0.0
20201224,0.21,-0.43,-0.17,0.24,-0.05,0.0
20201228,0.46,-0.65,0.32,1.46,0.5,0.0
20201229,-0.4,-1.42,0.24,0.75,-0.28,0.0
20201230,0.27,1.03,0.04,-0.67,-0.06,0.0
20201231,0.39,-0.69,0.45,0.56,-0.2,0.0
20210104,-1.41,0.19,0.53,-0.63,0.06,0.0
20210105,0.86,1.31,0.51,0.39,0.56,0.0
20210106,0.79,3.13,3.89,0.1,0.6,0.0
20210107,1.76,0.01,-0.85,-1.48,-0.26,0.0
20210108,0.51,-0.96,-1.35,-0.32,-0.34,0.0
20210111,-0.51,0.54,1.24,-0.16,0.44,0.0
20210112,0.38,1.43,1.23,-0.51,0.38,0.0
20210113,0.07,-1.03,-0.42,-0.21,-0.06,0.0
20210114,-0.11,2.33,1.11,-1.03,0.37,0.0
20210115,-0.86,-0.71,-0.74,0.3,-0.47,0.0
20210119,0.91,0.72,-0.84,-0.7,0.01,0.0
20210120,1.26,-0.76,-1.12,0.65,-0.41,0.0
20210121,-0.04,-0.76,-0.94,0.83,0.34,0.0
20210122,-0.07,1.61,-0.16,-0.62,0.64,0.0
20210125,0.28,-0.29,-0.45,0.3,0.99,0.0
20210126,-0.32,-0.02,0.03,1.0,1.04,0.0
20210127,-2.53,1.19,1.47,0.63,2.43,0.0
20210128,0.92,-1.65,-0.79,-1.1,-2.26,0.0
20210129,-1.84,0.42,0.56,-0.63,0.4,0.0
20210201,1.73,0.74,-1.5,-0.21,-1.24,0.0
20210202,1.48,-0.77,-1.07,-1.01,-2.14,0.0
20210203,0.16,0.71,0.87,-0.2,0.16,0.0
20210204,1.23,0.6,0.33,-0.15,-0.26,0.0
20210205,0.58,0.95,-0.47,-0.69,0.4,0.0
20210208,0.96,2.18,0.36,-0.93,0.71,0.0
20210209,0.05,0.68,-0.18,-0.69,-0.45,0.0
20210210,-0.07,-0.43,0.67,0.19,0.0,0.0
20210211,0.19,-0.31,-0.45,-0.29,-0.12,0.0
20210212,0.49,-0.12,0.48,-0.33,-0.05,0.0
20210216,-0.14,-0.24,1.9,0.08,0.0,0.0
20210217,-0.2,-0.71,0.6,0.27,-0.16,0.0
20210218,-0.63,-1.43,-0.22,0.88,-0.42,0.0
20210219,0.16,1.98,0.68,-0.5,0.51,0.0
20210222,-1.12,0.68,3.14,1.66,0.9,0.0
20210223,-0.15,-1.05,0.9,1.08,-0.19,0.0
20210224,1.15,1.48,1.34,-0.29,0.32,0.0
20210225,-2.73,-0.9,0.87,1.0,0.47,0.0
20210226,-0.28,0.38,-1.56,-0.06,-0.38,0.0
